data,mm,temp_mean,temp_max,temp_min,feriado,qnt_delivery,qnt_pickup,qnt_local
2022-01-01,0.0,26.713043478260868,27.44347826086957,25.88695652173913,2,2188,514,134
2022-01-02,0.0,28.85833333333333,29.7875,27.95,0,2352,589,133
2022-01-03,18.2,22.575,23.325,22.04583333333333,0,1656,326,59
2022-01-04,3.6,22.575,22.9875,22.2625,0,1708,401,66
2022-01-05,24.2,22.1625,23.0375,21.45,0,1888,436,66
2022-01-06,0.2,21.629166666666663,22.066666666666663,21.10833333333333,0,1877,473,96
2022-01-07,0.0,22.9375,23.575,22.2375,0,2832,665,175
2022-01-08,0.0,22.573913043478264,23.29565217391304,21.965217391304343,0,2662,710,160
2022-01-09,0.0,21.416666666666668,21.9625,20.945833333333333,0,2343,542,101
2022-01-10,0.0,22.53333333333333,23.4,21.84583333333333,0,1510,348,67
2022-01-11,0.0,24.8375,25.48333333333333,24.016666666666666,0,1560,359,56
2022-01-12,0.0,26.820833333333336,27.59583333333333,26.004166666666663,0,1581,362,78
2022-01-13,3.4,25.275,26.3375,24.195833333333336,0,1721,370,75
2022-01-14,0.2,24.847826086956523,25.730434782608693,24.017391304347825,0,2653,728,124
2022-01-15,10.4,25.3375,26.20833333333333,24.60833333333333,0,3459,922,141
2022-01-16,0.6000000000000001,26.55,27.0375,25.6625,0,2664,594,122
2022-01-17,0.0,27.9375,28.64583333333333,27.27083333333333,0,1583,343,57
2022-01-18,0.0,28.2875,29.375,27.35833333333333,0,1778,370,49
2022-01-19,0.0,26.73913043478261,27.317391304347822,25.90869565217391,0,1772,399,103
2022-01-20,0.0,28.516666666666666,29.3625,27.75,0,1924,445,89
2022-01-21,0.0,28.58333333333333,29.491666666666664,27.816666666666663,0,2225,567,144
2022-01-22,1.4,28.8375,29.854166666666668,27.98333333333333,0,2389,653,117
2022-01-23,0.0,29.3375,30.354166666666668,28.725,0,2383,493,113
2022-01-24,4.6,26.543478260869566,27.347826086956523,25.691304347826087,0,1421,320,59
2022-01-25,0.0,26.758333333333336,27.379166666666663,26.1375,0,1583,380,73
2022-01-26,1.7999999999999998,26.12608695652174,27.26086956521739,25.065217391304348,0,1721,384,119
2022-01-27,10.0,22.245833333333334,22.879166666666663,21.875,0,1819,441,105
2022-01-28,0.4,19.308333333333334,19.64583333333333,19.09583333333333,0,2109,588,97
2022-01-29,0.0,18.120833333333334,18.416666666666668,17.920833333333334,0,2284,639,131
2022-01-30,7.2,20.95,21.558333333333334,20.120833333333334,0,2406,476,117
2022-01-31,3.6,22.3,22.791666666666668,21.575,0,1587,325,72
2022-02-01,0.0,24.8125,25.7375,24.004166666666663,0,1706,379,86
2022-02-02,0.0,26.079166666666666,26.90416666666667,25.375,0,1793,395,121
2022-02-03,0.0,27.245833333333334,27.83333333333333,26.54583333333333,0,1966,441,115
2022-02-04,29.4,22.741666666666664,23.4,22.3375,0,3020,740,199
2022-02-05,6.0,22.308333333333334,22.633333333333336,21.95,0,2983,725,181
2022-02-06,0.0,21.67826086956521,22.24347826086957,21.18260869565217,0,2983,616,156
2022-02-07,0.0,19.75,20.625,18.829166666666666,0,1611,322,73
2022-02-08,0.0,20.35652173913044,21.082608695652173,19.67826086956521,0,1686,370,92
2022-02-09,0.0,22.666666666666668,23.28333333333333,21.804166666666664,0,1797,421,124
2022-02-10,0.4,23.945833333333336,24.870833333333334,23.22083333333333,0,1973,429,113
2022-02-11,0.0,24.15833333333333,24.8875,23.445833333333336,0,2828,728,150
2022-02-12,0.0,24.65833333333333,25.354166666666668,23.8625,0,3071,741,217
2022-02-13,0.0,24.275,25.079166666666666,23.6125,0,2741,562,156
2022-02-14,0.0,23.691666666666663,24.3375,22.98333333333333,0,1378,315,70
2022-02-15,0.0,24.821739130434786,25.55652173913043,24.00869565217392,0,1589,381,75
2022-02-16,0.0,26.05652173913043,26.88695652173913,25.230434782608693,0,1694,453,147
2022-02-17,0.0,25.475,26.266666666666666,24.633333333333336,0,1876,453,119
2022-02-18,2.0,23.566666666666663,24.58333333333333,22.6375,0,2484,659,187
2022-02-19,0.0,24.28333333333333,25.04583333333333,23.475,0,3078,910,264
2022-02-20,0.0,25.98333333333333,27.03333333333333,25.1875,0,2704,560,121
2022-02-21,4.2,22.54583333333333,23.22083333333333,21.89583333333333,0,1379,315,57
2022-02-22,0.0,24.569565217391304,25.35217391304348,23.756521739130434,0,1541,375,71
2022-02-23,0.0,25.20833333333333,25.9125,24.508333333333336,0,1629,398,87
2022-02-24,24.6,26.491666666666664,27.883333333333336,25.491666666666664,0,1986,416,109
2022-02-25,36.8,21.375,21.9375,20.85833333333333,0,2612,644,108
2022-02-26,0.4,24.008333333333336,24.5375,23.195833333333336,0,2588,732,183
2022-02-27,0.0,27.120833333333334,27.89583333333333,26.495833333333334,1,2458,519,113
2022-02-28,5.6000000000000005,26.65,27.516666666666666,25.975,1,1932,409,77
2022-03-01,0.8,23.813636363636363,24.14090909090909,23.15,1,1900,385,118
2022-03-02,5.199999999999999,23.421739130434784,24.09130434782609,22.869565217391305,2,1581,432,59
2022-03-03,0.0,24.3125,25.241666666666664,23.691666666666663,0,1742,455,115
2022-03-04,0.0,24.1,24.97083333333333,23.416666666666668,0,2570,677,147
2022-03-05,0.0,25.479166666666668,26.3,24.59583333333333,0,2754,667,201
2022-03-06,0.0,27.125,27.85833333333333,26.245833333333334,0,2808,572,111
2022-03-07,0.0,27.3625,27.95833333333333,26.558333333333334,0,1723,351,64
2022-03-08,8.4,24.558333333333334,25.7375,23.78333333333333,0,2466,544,108
2022-03-09,0.2,23.84583333333333,24.475,23.2,0,1849,448,84
2022-03-10,3.2,23.683333333333334,24.29583333333333,23.0875,0,2045,479,124
2022-03-11,5.0,20.277272727272727,20.63636363636364,19.931818181818183,0,2478,539,153
2022-03-12,1.2000000000000002,17.920833333333334,18.2,17.741666666666667,0,2655,655,160
2022-03-13,0.2,19.325,19.64583333333333,19.02083333333333,0,2868,576,132
2022-03-14,0.6000000000000001,20.22083333333333,20.675,19.75,0,1290,295,92
2022-03-15,0.0,20.079166666666666,21.004166666666663,19.291666666666668,0,1670,412,81
2022-03-16,0.0,20.579166666666666,21.029166666666665,20.14583333333333,0,1582,414,98
2022-03-17,0.0,23.59583333333333,24.195833333333336,22.854166666666668,0,1785,479,119
2022-03-18,19.2,23.58333333333333,24.52083333333333,22.929166666666664,0,2513,581,90
2022-03-19,6.4,20.479166666666668,20.8375,20.15833333333333,0,2322,635,174
2022-03-20,0.0,19.09583333333333,19.591666666666665,18.6375,0,2216,426,108
2022-03-21,0.0,20.508333333333333,21.070833333333333,19.85,0,1206,289,95
2022-03-22,0.0,22.304166666666664,22.84583333333333,21.6625,0,1510,363,81
2022-03-23,24.4,19.404166666666665,19.933333333333334,19.23333333333333,0,1790,402,90
2022-03-24,97.0,19.016666666666666,19.52083333333333,18.58333333333333,0,2025,436,123
2022-03-25,6.4,17.279166666666665,17.741666666666667,16.841666666666665,0,1989,554,137
2022-03-26,0.2,17.349999999999998,17.908333333333335,16.733333333333334,0,2123,640,129
2022-03-27,0.0,18.804166666666667,19.516666666666666,18.15,0,2208,455,128
2022-03-28,0.0,20.620833333333334,21.34166666666667,19.804166666666667,0,1226,301,89
2022-03-29,0.0,24.09583333333333,24.633333333333336,23.441666666666663,0,1463,344,89
2022-03-30,25.4,19.883333333333333,20.54583333333333,19.5,0,1864,442,92
2022-03-31,0.2,13.266666666666666,13.820833333333333,12.745833333333332,0,1811,424,101
2022-04-01,0.0,14.345833333333331,14.933333333333332,13.654166666666669,0,1849,493,121
2022-04-02,0.0,18.166666666666668,18.7125,17.520833333333332,0,2158,593,166
2022-04-03,0.0,19.325,19.683333333333334,19.025,0,2245,461,118
2022-04-04,36.8,19.779166666666665,20.175,19.45,0,1458,331,66
2022-04-05,0.0,20.066666666666663,20.579166666666666,19.5375,0,1653,386,98
2022-04-06,0.2,21.879166666666663,22.5125,21.27083333333333,0,1886,427,126
2022-04-07,67.2,19.85833333333333,20.254166666666663,19.675,0,2240,404,93
2022-04-08,22.0,19.35,19.72083333333333,19.03333333333333,0,1964,488,117
2022-04-09,0.4,19.341666666666665,19.875,18.7625,0,2485,587,178
2022-04-10,0.2,18.7625,19.2875,18.2875,0,3044,584,134
2022-04-11,22.6,18.97083333333333,19.370833333333334,18.58333333333333,0,1580,299,75
2022-04-12,37.4,18.841666666666665,19.120833333333334,18.554166666666667,0,1572,366,107
2022-04-13,0.4,20.504166666666663,20.95,20.0125,0,1706,421,112
2022-04-14,0.0,17.608333333333334,18.433333333333334,17.033333333333335,1,2541,641,148
2022-04-15,0.0,14.0375,14.666666666666666,13.454166666666666,2,2930,668,140
2022-04-16,0.0,15.3375,15.9875,14.7375,1,2585,733,217
2022-04-17,0.0,16.091666666666665,16.766666666666666,15.4875,2,2090,434,110
2022-04-18,0.0,17.2625,17.929166666666667,16.675,0,1217,270,69
2022-04-19,0.0,18.0125,18.629166666666663,17.420833333333334,0,1357,354,95
2022-04-20,0.0,18.95,19.60833333333333,18.3375,1,2063,515,148
2022-04-21,1.4,18.09583333333333,18.70833333333333,17.629166666666666,2,2703,517,122
2022-04-22,32.0,15.4,15.7625,15.120833333333332,0,2571,581,108
2022-04-23,33.0,16.291666666666668,16.729166666666668,15.829166666666666,0,2995,826,212
2022-04-24,0.2,18.2125,18.779166666666665,17.5,0,2540,494,119
2022-04-25,0.0,23.066666666666663,23.6125,22.5125,0,1296,281,99
2022-04-26,0.0,23.816666666666663,24.5125,23.22083333333333,0,1441,372,114
2022-04-27,0.0,25.541666666666668,26.05,24.945833333333336,0,1563,388,150
2022-04-28,13.8,23.679166666666664,24.47083333333333,23.175,0,1787,433,109
2022-04-29,1.0,17.920833333333334,18.279166666666665,17.533333333333335,0,2468,684,187
2022-04-30,7.0,18.816666666666663,19.304166666666667,18.404166666666665,1,3450,791,215
2022-05-01,11.8,20.3125,20.754166666666663,19.8875,2,3285,657,135
2022-05-02,33.2,18.6375,18.916666666666668,18.429166666666667,0,1495,254,85
2022-05-03,51.2,16.033333333333335,16.358333333333334,15.8875,0,1704,344,106
2022-05-04,19.8,14.3125,14.545833333333334,14.05,0,1655,409,101
2022-05-05,0.0,15.595833333333331,16.016666666666666,15.233333333333334,0,1946,482,111
2022-05-06,0.0,14.3,14.895833333333334,13.733333333333334,0,3039,734,179
2022-05-07,0.2,14.6875,15.345833333333331,13.966666666666669,1,3561,890,253
2022-05-08,0.0,15.041666666666666,15.683333333333332,14.466666666666669,2,2642,534,143
2022-05-09,0.0,16.525000000000002,17.041666666666668,15.916666666666666,0,1393,313,105
2022-05-10,9.8,16.929166666666667,17.358333333333334,16.591666666666665,0,1702,309,106
2022-05-11,18.4,15.545833333333334,16.058333333333334,15.175,0,1660,435,152
2022-05-12,0.2,13.733333333333334,14.325,13.216666666666669,0,1747,489,131
2022-05-13,0.0,14.675,15.225,13.941666666666668,0,2626,690,208
2022-05-14,20.2,15.525,16.008333333333333,15.195833333333333,0,3746,811,183
2022-05-15,3.0,14.8875,15.15,14.654166666666669,0,2807,507,119
2022-05-16,0.4,10.825,11.433333333333332,10.545833333333333,0,1182,269,84
2022-05-17,1.4,7.483333333333333,7.837499999999999,7.25,0,1492,288,63
2022-05-18,9.4,7.633333333333333,7.75,7.4375,0,1788,369,81
2022-05-19,6.6000000000000005,9.8625,10.2,9.5,0,1685,423,92
2022-05-20,0.2,9.8125,10.504166666666666,8.991666666666667,0,2565,695,153
2022-05-21,0.0,11.841666666666669,12.533333333333331,11.029166666666669,0,3296,871,169
2022-05-22,0.0,12.4875,13.129166666666668,11.845833333333331,0,2584,533,148
2022-05-23,0.0,15.454166666666666,15.995833333333332,14.833333333333334,0,1283,267,81
2022-05-24,0.0,17.837500000000002,18.3625,17.179166666666667,0,1406,371,103
2022-05-25,0.0,19.604166666666668,20.175,18.854166666666668,0,1566,431,127
2022-05-26,0.0,17.741666666666667,18.1125,17.520833333333332,0,1607,417,138
2022-05-27,32.6,16.116666666666667,16.508333333333333,15.820833333333333,0,2943,679,135
2022-05-28,27.8,15.6375,15.8375,15.433333333333332,0,3590,786,157
2022-05-29,52.6,16.395833333333332,16.712500000000002,16.104166666666668,0,3073,528,71
2022-05-30,0.2,14.0375,14.391666666666666,13.854166666666666,0,1328,272,70
2022-05-31,0.0,9.295833333333333,9.791666666666666,8.795833333333333,0,1368,352,89
2022-06-01,14.6,11.35,11.5875,11.1,0,2078,354,122
2022-06-02,2.0,10.3,10.5375,10.120833333333334,0,1883,393,98
2022-06-03,0.0,8.933333333333334,9.104166666666666,8.737499999999999,0,2827,737,104
2022-06-04,0.2,12.275,12.595833333333331,11.758333333333333,0,3608,825,163
2022-06-05,0.0,16.516666666666666,16.8125,16.216666666666665,0,3013,589,114
2022-06-06,22.4,16.599999999999998,16.9875,16.270833333333332,0,1887,341,94
2022-06-07,4.8,15.3,15.608333333333334,15.016666666666666,0,1696,386,133
2022-06-08,0.0,15.3125,15.754166666666668,14.891666666666666,0,1810,428,138
2022-06-09,0.2,13.8375,14.195833333333333,13.520833333333334,0,1933,476,110
2022-06-10,6.0,13.6,14.0875,13.283333333333331,0,2820,648,145
2022-06-11,0.0,6.258333333333333,6.929166666666667,5.833333333333333,1,3781,792,159
2022-06-12,0.0,6.166666666666667,6.641666666666667,5.4,2,3304,565,131
2022-06-13,0.0,8.6625,9.283333333333331,7.833333333333333,0,1364,263,82
2022-06-14,0.0,11.370833333333332,12.083333333333334,10.583333333333334,0,1425,318,81
2022-06-15,0.0,13.1625,13.833333333333334,12.395833333333334,1,2172,538,151
2022-06-16,0.0,18.65,19.2,17.308333333333334,2,2810,559,87
2022-06-17,60.2,18.316666666666663,18.95833333333333,18.008333333333333,0,2613,546,122
2022-06-18,0.0,9.270833333333334,9.933333333333334,8.929166666666667,0,2929,716,155
2022-06-19,0.0,9.3375,9.95,8.549999999999999,0,2498,459,88
2022-06-20,0.0,14.270833333333334,14.845833333333331,13.516666666666666,0,1232,259,62
2022-06-21,0.0,18.2,18.8625,17.537499999999998,0,1414,337,71
2022-06-22,56.8,18.28333333333333,18.683333333333334,17.645833333333332,0,1587,366,83
2022-06-23,28.8,18.2875,18.729166666666668,17.979166666666668,0,1877,376,65
2022-06-24,0.2,19.3,19.566666666666663,19.004166666666663,0,2433,677,151
2022-06-25,0.0,16.7375,17.099999999999998,16.604166666666668,0,2981,799,211
2022-06-26,0.0,13.925,14.35,13.516666666666666,0,2510,476,72
2022-06-27,0.0,17.133333333333333,17.541666666666668,16.7,0,1145,243,88
2022-06-28,0.0,17.743478260869566,18.14782608695652,17.139130434782608,0,1401,291,96
2022-06-29,11.4,11.491304347826087,12.321739130434782,11.065217391304348,0,1469,354,88
2022-06-30,0.2,10.391304347826088,10.991304347826087,9.678260869565218,0,1733,409,117
2022-07-01,0.0,14.156521739130437,14.795652173913044,13.35217391304348,0,2592,636,178
2022-07-02,0.0,20.20833333333333,20.641666666666666,19.633333333333333,0,3141,782,219
2022-07-03,0.0,22.4875,22.95,22.0125,0,2567,520,135
2022-07-04,0.0,22.47083333333333,22.995833333333334,21.98333333333333,0,1315,281,94
2022-07-05,0.0,21.079166666666666,21.566666666666663,20.675,0,1537,381,113
2022-07-06,0.0,20.579166666666666,21.041666666666668,20.14583333333333,0,1948,466,134
2022-07-07,0.0,20.1375,20.65833333333333,19.654166666666665,0,2030,453,129
2022-07-08,0.0,20.454166666666666,21.120833333333334,19.866666666666667,0,2859,682,187
2022-07-09,0.0,20.854166666666668,21.445833333333336,20.39583333333333,0,3273,831,175
2022-07-10,0.0,20.47083333333333,20.929166666666664,20.0125,0,2914,540,116
2022-07-11,0.0,21.9,22.33333333333333,21.491666666666664,0,1432,261,77
2022-07-12,34.4,13.6,14.483333333333334,13.316666666666668,0,1528,309,89
2022-07-13,0.0,11.420833333333334,11.841666666666669,10.7625,0,1466,405,92
2022-07-14,4.4,16.608333333333334,16.9875,16.125,0,1894,381,110
2022-07-15,0.4,21.4625,21.8875,20.866666666666667,0,2759,589,140
2022-07-16,12.2,20.254166666666663,21.041666666666668,19.8875,0,3573,748,131
2022-07-17,0.2,8.325000000000001,8.799999999999999,8.174999999999999,0,2772,486,66
2022-07-18,0.0,10.325,10.775,9.6,0,1460,198,79
2022-07-19,12.8,15.6625,16.216666666666665,15.1375,0,1571,340,117
2022-07-20,0.0,18.329166666666666,18.85,17.712500000000002,0,1691,380,121
2022-07-21,0.0,20.3375,20.75,19.7875,0,1773,456,109
2022-07-22,0.0,21.116666666666667,21.6625,20.654166666666665,0,2464,566,152
2022-07-23,0.0,21.508333333333336,21.9625,20.925,0,2855,724,174
2022-07-24,0.0,21.2375,21.820833333333336,20.72083333333333,0,2447,444,72
2022-07-25,0.0,20.229166666666668,20.8,19.695833333333333,0,1251,256,103
2022-07-26,0.0,20.3125,20.945833333333333,19.625,0,1412,400,120
2022-07-27,0.0,19.89565217391305,20.43478260869565,19.378260869565217,0,1531,396,89
2022-07-28,0.0,20.7375,21.2375,20.183333333333334,0,1658,383,106
2022-07-29,14.0,10.756521739130434,11.68695652173913,10.382608695652175,0,2683,580,124
2022-07-30,0.2,10.147826086956522,10.77391304347826,9.27391304347826,0,3164,831,119
2022-07-31,0.0,13.129166666666668,13.758333333333333,12.445833333333333,0,2605,502,96
2022-08-01,0.0,16.5125,17.066666666666666,15.658333333333331,0,1317,290,92
2022-08-02,0.0,20.2875,20.97083333333333,19.45,0,1411,328,117
2022-08-03,0.0,21.375,21.916666666666668,20.70833333333333,0,1565,390,107
2022-08-04,12.4,19.1125,19.775,18.879166666666663,0,2025,426,79
2022-08-05,0.2,13.141666666666666,13.716666666666669,12.854166666666666,0,2866,730,181
2022-08-06,19.8,10.65,11.008333333333333,10.358333333333333,0,3801,815,123
2022-08-07,24.8,13.295833333333334,13.470833333333331,13.016666666666666,0,3295,498,68
2022-08-08,0.0,15.008333333333333,15.275,14.666666666666666,0,1356,324,77
2022-08-09,3.2,13.954166666666666,14.345833333333331,13.770833333333334,0,1803,340,70
2022-08-10,8.0,10.020833333333334,10.295833333333333,9.783333333333331,0,1694,377,81
2022-08-11,0.2,11.0625,11.558333333333332,10.420833333333333,0,1793,390,81
2022-08-12,0.0,13.75,14.279166666666669,13.1375,0,2555,595,141
2022-08-13,0.0,16.495833333333334,17.0,15.983333333333334,1,2849,740,144
2022-08-14,0.0,17.075,17.620833333333334,16.462500000000002,2,2265,465,68
2022-08-15,0.0,22.70833333333333,23.058333333333334,22.1875,0,1280,260,86
2022-08-16,19.4,18.133333333333333,18.7875,17.837500000000002,0,1474,308,62
2022-08-17,25.6,16.670833333333334,17.154166666666665,16.1875,0,1650,341,73
2022-08-18,55.2,12.604166666666666,13.291666666666666,12.379166666666668,0,1746,341,63
2022-08-19,0.0,6.429166666666667,6.95,5.916666666666667,0,2579,573,83
2022-08-20,0.0,8.7125,9.1875,7.8875,0,3018,814,121
2022-08-21,0.0,12.283333333333331,12.995833333333332,11.608333333333334,0,2374,498,69
2022-08-22,0.0,14.5,15.066666666666668,13.9125,0,1129,261,69
2022-08-23,0.0,16.554166666666667,17.175,15.866666666666667,0,1276,294,83
2022-08-24,0.0,17.870833333333334,18.5625,17.279166666666665,1,1968,426,92
2022-08-25,0.0,18.9,19.4875,18.254166666666663,2,2652,523,147
2022-08-26,0.0,19.45833333333333,20.204166666666666,18.75,0,1983,506,125
2022-08-27,0.0,21.45833333333333,21.995833333333334,20.77083333333333,0,2626,693,166
2022-08-28,6.4,16.841666666666665,17.554166666666667,16.625,0,2494,451,54
2022-08-29,0.0,8.275,8.708333333333334,7.7,0,1091,237,54
2022-08-30,0.0,11.841666666666669,12.479166666666666,11.195833333333333,0,1333,327,71
2022-08-31,0.0,13.966666666666669,14.545833333333334,13.254166666666668,0,1623,379,92
2022-09-01,0.0,19.3125,19.77083333333333,18.541666666666668,0,1621,401,102
2022-09-02,32.6,16.866666666666667,17.383333333333333,16.691666666666666,0,2927,665,118
2022-09-03,0.4,13.3625,13.904166666666669,12.995833333333332,0,3147,824,159
2022-09-04,0.0,9.904166666666669,10.454166666666667,9.195833333333333,0,2386,542,84
2022-09-05,0.0,13.308333333333332,13.820833333333333,12.8625,0,1350,310,73
2022-09-06,4.8,14.5375,14.8875,14.183333333333332,1,2534,588,99
2022-09-07,0.2,15.820833333333333,16.275000000000002,15.466666666666669,2,3034,531,106
2022-09-08,0.0,21.0,21.28333333333333,20.2875,0,1500,353,108
2022-09-09,0.0,24.204166666666666,24.7375,23.883333333333336,0,2481,592,121
2022-09-10,0.2,13.2875,14.191666666666668,12.8375,0,3173,802,164
2022-09-11,1.2,13.008333333333333,13.579166666666666,12.220833333333331,0,2735,453,76
2022-09-12,13.0,15.816666666666668,16.170833333333334,15.5,0,1347,232,56
2022-09-13,0.2,16.570833333333333,17.158333333333335,16.070833333333333,0,1492,280,69
2022-09-14,0.0,14.470833333333331,15.0875,14.0,0,1501,383,75
2022-09-15,0.0,15.033333333333331,15.675,14.545833333333334,0,1738,451,96
2022-09-16,0.0,16.195833333333333,16.779166666666665,15.6375,0,2394,622,108
2022-09-17,0.0,16.2625,16.8875,15.675,0,2919,670,173
2022-09-18,0.0,16.633333333333333,17.229166666666668,15.9625,0,2380,461,74
2022-09-19,32.800000000000004,15.1625,15.583333333333334,14.983333333333334,0,1385,227,49
2022-09-20,0.2,16.629166666666666,17.045833333333334,16.05,0,1224,294,62
2022-09-21,36.8,16.195833333333333,16.745833333333334,15.854166666666666,0,1511,379,80
2022-09-22,0.6,14.720833333333331,15.329166666666666,14.241666666666667,0,1483,375,79
2022-09-23,0.0,10.083333333333334,10.6875,9.433333333333334,0,2202,626,98
2022-09-24,0.0,12.55,13.091666666666669,11.816666666666668,0,2903,801,155
2022-09-25,11.4,14.983333333333334,15.5,14.683333333333332,0,2691,436,62
2022-09-26,0.0,15.95,16.320833333333333,15.4875,0,1140,237,59
2022-09-27,0.0,16.754545454545454,17.245454545454546,16.195454545454545,0,1213,290,80
2022-09-28,0.4,15.483333333333334,15.829166666666666,15.295833333333334,0,1456,304,73
2022-09-29,2.4,13.5625,13.858333333333334,13.304166666666667,0,1809,408,78
2022-09-30,10.8,15.3375,15.745833333333332,14.883333333333333,0,2503,645,131
2022-10-01,11.8,17.743478260869566,18.269565217391303,17.247826086956522,0,2825,783,137
2022-10-02,0.0,18.09583333333333,18.8125,17.420833333333334,0,2274,488,78
2022-10-03,0.0,17.441666666666666,18.10833333333333,16.825,0,1165,234,72
2022-10-04,0.0,17.829166666666666,18.529166666666665,17.162499999999998,0,1358,323,86
2022-10-05,0.0,20.22083333333333,20.916666666666668,19.491666666666667,0,1576,380,95
2022-10-06,74.4,18.8125,19.275,18.441666666666663,0,2184,400,101
2022-10-07,7.8,14.754166666666668,15.541666666666666,14.341666666666669,0,2725,678,132
2022-10-08,0.0,16.816666666666666,17.400000000000002,15.845833333333331,0,3112,750,131
2022-10-09,2.8,16.3125,17.2375,15.725,0,2844,436,49
2022-10-10,44.2,12.841666666666669,13.0875,12.629166666666668,0,1585,237,49
2022-10-11,66.0,15.583333333333334,15.7125,15.379166666666668,1,2354,438,90
2022-10-12,0.0,14.904166666666669,15.3,14.583333333333334,2,2615,516,120
2022-10-13,0.4,18.075,18.641666666666666,17.279166666666665,0,1511,306,82
2022-10-14,33.6,18.279166666666665,18.8875,17.895833333333332,1,2187,584,115
2022-10-15,0.0,19.53333333333333,20.204166666666666,19.008333333333333,2,2778,745,169
2022-10-16,35.6,19.433333333333334,19.975,18.89583333333333,0,2382,471,49
2022-10-17,0.0,19.716666666666665,20.404166666666665,19.15,0,1140,209,73
2022-10-18,7.6,17.883333333333333,18.27083333333333,17.695833333333333,0,1373,277,56
2022-10-19,0.2,20.43478260869565,20.83913043478261,19.76086956521739,0,1399,302,54
2022-10-20,31.2,17.983333333333334,18.620833333333334,17.695833333333333,0,1627,382,62
2022-10-21,0.6000000000000001,17.587500000000002,18.2125,16.866666666666667,0,2325,615,106
2022-10-22,0.0,18.20952380952381,18.88095238095238,17.447619047619046,0,2783,689,146
2022-10-23,0.0,20.004166666666663,20.7,19.254166666666663,0,2248,445,89
2022-10-24,0.0,20.566666666666663,21.29583333333333,19.854166666666668,0,1070,230,56
2022-10-25,0.0,22.15217391304348,22.882608695652173,21.378260869565217,0,1216,251,72
2022-10-26,0.0,24.59166666666667,25.2,23.933333333333334,0,1435,348,91
2022-10-27,8.2,19.78333333333333,20.666666666666668,19.275,0,1364,358,105
2022-10-28,0.0,22.09583333333333,22.804166666666664,21.275,0,2213,587,109
2022-10-29,19.2,19.45833333333333,20.183333333333334,19.10833333333333,0,2886,804,166
2022-10-30,15.0,18.8625,19.2375,18.4875,0,2358,435,49
2022-10-31,11.4,15.745833333333332,16.245833333333334,15.533333333333331,0,1261,233,57
2022-11-01,0.0,10.508695652173913,11.07391304347826,9.969565217391304,1,1776,478,99
2022-11-02,0.0,11.9625,12.583333333333334,11.2875,2,2342,476,85
2022-11-03,0.0,15.666666666666666,16.329166666666666,14.9625,0,1325,317,79
2022-11-04,0.0,17.245833333333334,17.958333333333332,16.391666666666666,0,2251,583,127
2022-11-05,0.0,18.071428571428573,18.866666666666667,17.271428571428572,0,3024,680,179
2022-11-06,0.0,18.139130434782608,18.97391304347826,17.565217391304348,0,2502,513,72
2022-11-07,0.0,17.3625,18.141666666666666,16.758333333333333,0,1436,275,63
2022-11-08,0.0,17.733333333333334,18.504166666666663,17.008333333333333,0,1483,302,91
2022-11-09,0.0,19.03043478260869,19.83043478260869,18.20434782608696,0,1577,404,96
2022-11-10,0.0,21.639130434782608,22.38695652173913,20.68695652173913,0,1736,351,100
2022-11-11,0.0,20.13478260869565,20.9608695652174,19.33043478260869,0,2335,555,135
2022-11-12,2.4000000000000004,20.4375,21.2,19.85,0,3148,756,128
2022-11-13,18.2,18.786363636363635,19.13181818181818,18.21818181818182,0,2564,482,47
2022-11-14,0.0,20.716666666666665,21.40833333333333,20.14583333333333,1,1806,414,122
2022-11-15,0.0,19.139130434782608,19.85217391304348,18.57391304347826,2,2086,432,107
2022-11-16,0.0,21.1375,21.916666666666668,20.291666666666668,0,1228,303,79
2022-11-17,0.0,22.17826086956521,22.843478260869563,21.48260869565217,0,1433,327,58
2022-11-18,0.0,23.016666666666666,23.75,22.175,0,2104,571,120
2022-11-19,0.0,23.8,24.45909090909091,22.95,0,2689,690,109
2022-11-20,0.0,23.941666666666663,24.741666666666664,23.10833333333333,0,2303,461,74
2022-11-21,9.0,23.02272727272728,23.85,22.595454545454547,0,1270,266,66
2022-11-22,8.6,20.517391304347825,21.02608695652174,19.94782608695652,0,1290,286,61
2022-11-23,0.0,21.057142857142857,21.685714285714283,20.48095238095238,0,1427,352,53
2022-11-24,0.0,22.569565217391304,23.15217391304348,21.730434782608697,0,1809,374,119
2022-11-25,0.0,23.08695652173913,23.717391304347824,22.404347826086955,0,2313,590,202
2022-11-26,0.0,22.969565217391303,23.686956521739127,22.26521739130435,0,2585,682,173
2022-11-27,0.0,23.008333333333336,23.75,22.34166666666667,0,2221,472,44
2022-11-28,0.0,21.97083333333333,22.64583333333333,21.39583333333333,0,1266,255,63
2022-11-29,0.0,21.979166666666668,22.75,21.258333333333333,0,1457,300,60
2022-11-30,0.0,21.758333333333336,22.59583333333333,21.133333333333333,0,1864,444,97
2022-12-01,0.0,22.61304347826087,23.36521739130435,21.81304347826087,0,1890,439,118
2022-12-02,0.0,24.0625,24.8875,23.179166666666664,0,2684,573,169
2022-12-03,21.2,23.641666666666666,24.35833333333333,22.90833333333333,0,3040,711,184
2022-12-04,0.2,24.4,25.230434782608693,23.643478260869564,0,2412,501,61
2022-12-05,0.0,23.425,24.02083333333333,22.72083333333333,0,1574,329,69
2022-12-06,0.0,26.281818181818185,26.9,25.36818181818182,0,1922,367,107
2022-12-07,0.0,27.12173913043478,27.76521739130435,26.36086956521739,0,1938,405,92
2022-12-08,0.0,27.754166666666663,28.65833333333333,27.0,0,2069,443,98
2022-12-09,15.6,26.9,28.191304347826087,25.517391304347825,0,2898,586,119
2022-12-10,0.2,25.820833333333336,26.579166666666666,25.2625,0,3041,728,220
2022-12-11,0.0,25.87391304347826,26.80869565217392,25.1,0,2683,486,83
2022-12-12,0.4,24.1375,24.84166666666667,23.566666666666663,0,1442,239,90
2022-12-13,3.6,22.50869565217392,23.15217391304348,21.89565217391305,0,1624,332,83
2022-12-14,0.0,21.97083333333333,22.75,21.204166666666666,0,1739,351,105
2022-12-15,0.0,23.804166666666664,24.691666666666663,23.0875,0,2013,401,109
2022-12-16,0.0,23.641666666666666,24.65416666666667,22.975,0,2468,552,142
2022-12-17,0.0,22.347826086956523,23.17391304347826,21.53043478260869,0,2838,667,189
2022-12-18,29.8,19.90434782608696,20.51304347826087,19.56086956521739,0,2584,458,54
2022-12-19,0.8,20.425,21.245833333333334,19.8125,0,1682,316,64
2022-12-20,0.0,21.17083333333333,21.766666666666666,20.433333333333334,0,1878,384,87
2022-12-21,0.0,22.35833333333333,23.0625,21.71666666666667,0,2005,414,107
2022-12-22,0.0,22.729166666666668,23.475,22.14583333333333,0,2192,445,151
2022-12-23,0.0,23.043478260869566,23.81304347826088,22.31304347826088,0,2313,555,135
2022-12-24,0.0,23.933333333333334,24.84166666666667,23.15833333333333,1,1256,194,32
2022-12-25,11.0,23.266666666666666,24.304166666666664,22.633333333333336,2,1986,285,29
2022-12-26,0.2,22.6875,23.141666666666666,21.916666666666668,0,1669,339,99
2022-12-27,6.2,23.29583333333333,24.366666666666664,22.58333333333333,0,1919,354,75
2022-12-28,0.6000000000000001,20.60833333333333,21.141666666666666,20.054166666666667,0,1681,405,110
2022-12-29,0.0,21.75,22.65416666666667,20.704166666666666,0,1832,404,111
2022-12-30,0.0,24.11304347826087,24.83478260869565,23.191304347826087,0,2173,539,127
2022-12-31,0.0,25.89583333333333,26.65416666666667,25.1625,0,993,146,2
